Entity,Code,Year,Public social expenditure as a share of GDP
Australia,AUS,1880,0
Australia,AUS,1890,0
Australia,AUS,1900,0
Australia,AUS,1910,1.12
Australia,AUS,1920,1.66
Australia,AUS,1930,2.11
Australia,AUS,1960,5.917997
Australia,AUS,1961,6.3205285
Australia,AUS,1962,6.272406
Australia,AUS,1963,6.1865797
Australia,AUS,1964,5.9645305
Australia,AUS,1965,6.047579
Australia,AUS,1966,5.9095325
Australia,AUS,1967,5.6411896
Australia,AUS,1968,5.664654
Australia,AUS,1969,5.8370614
Australia,AUS,1970,5.902064
Australia,AUS,1971,6.198489
Australia,AUS,1972,6.625018
Australia,AUS,1973,6.9982
Australia,AUS,1974,8.3813095
Australia,AUS,1975,10.138167
Australia,AUS,1976,10.575734
Australia,AUS,1977,10.899897
Australia,AUS,1978,10.616133
Australia,AUS,1979,10.275355
Australia,AUS,1980,10.247
Australia,AUS,1981,10.12
Australia,AUS,1982,11.094
Australia,AUS,1983,11.596
Australia,AUS,1984,11.966
Australia,AUS,1985,12.055
Australia,AUS,1986,11.891
Australia,AUS,1987,12.146
Australia,AUS,1988,11.442
Australia,AUS,1989,11.58
Australia,AUS,1990,13.115
Australia,AUS,1991,14.278
Australia,AUS,1992,15.257
Australia,AUS,1993,15.517
Australia,AUS,1994,15.232
Australia,AUS,1995,16.869
Australia,AUS,1996,16.986
Australia,AUS,1997,16.753
Australia,AUS,1998,17.563
Australia,AUS,1999,17.2
Australia,AUS,2000,18.184
Australia,AUS,2001,17.488
Australia,AUS,2002,17.301
Australia,AUS,2003,17.484
Australia,AUS,2004,17.181
Australia,AUS,2005,16.641
Australia,AUS,2006,15.679
Australia,AUS,2007,15.844
Australia,AUS,2008,17.037
Australia,AUS,2009,16.833
Australia,AUS,2010,16.544
Australia,AUS,2011,17.008
Australia,AUS,2012,17.301
Australia,AUS,2013,17.264
Australia,AUS,2014,17.868
Australia,AUS,2015,18.199
Australia,AUS,2016,17.483
Australia,AUS,2017,17.072
Australia,AUS,2018,16.626
Australia,AUS,2019,20.43
Australia,AUS,2020,22.635
Australia,AUS,2021,18.061
Australia,AUS,2022,17.067
Austria,AUT,1880,0
Austria,AUT,1890,0
Austria,AUT,1900,0
Austria,AUT,1910,0
Austria,AUT,1920,0
Austria,AUT,1930,1.2
Austria,AUT,1960,15.014393
Austria,AUT,1961,15.022305
Austria,AUT,1962,15.925137
Austria,AUT,1963,16.319534
Austria,AUT,1964,16.280657
Austria,AUT,1965,16.489904
Austria,AUT,1966,16.730434
Austria,AUT,1967,17.53491
Austria,AUT,1968,17.070877
Austria,AUT,1969,17.911722
Austria,AUT,1970,17.867645
Austria,AUT,1971,18.012295
Austria,AUT,1972,17.860916
Austria,AUT,1973,17.706495
Austria,AUT,1974,18.16684
Austria,AUT,1975,19.81951
Austria,AUT,1976,20.523838
Austria,AUT,1977,20.524872
Austria,AUT,1978,22.160078
Austria,AUT,1979,22.106962
Austria,AUT,1980,21.992
Austria,AUT,1981,22.571674
Austria,AUT,1985,23.296
Austria,AUT,1990,23.354
Austria,AUT,1991,23.677
Austria,AUT,1992,24.371
Austria,AUT,1993,25.776
Austria,AUT,1994,26.719
Austria,AUT,1995,26.66
Austria,AUT,1996,26.825
Austria,AUT,1997,26.311
Austria,AUT,1998,26.122
Austria,AUT,1999,26.428
Austria,AUT,2000,26.187
Austria,AUT,2001,26.226
Austria,AUT,2002,26.585
Austria,AUT,2003,27.083
Austria,AUT,2004,26.921
Austria,AUT,2005,26.516
Austria,AUT,2006,26.248
Austria,AUT,2007,25.636
Austria,AUT,2008,26.116
Austria,AUT,2009,28.128
Austria,AUT,2010,28.226
Austria,AUT,2011,27.403
Austria,AUT,2012,27.791
Austria,AUT,2013,28.267
Austria,AUT,2014,28.514
Austria,AUT,2015,28.441
Austria,AUT,2016,28.351
Austria,AUT,2017,27.981
Austria,AUT,2018,27.72
Austria,AUT,2019,27.837
Austria,AUT,2020,32.691
Austria,AUT,2021,31.991
Austria,AUT,2022,30.015
Austria,AUT,2023,30.312
Austria,AUT,2024,31.554
Belgium,BEL,1880,0.17
Belgium,BEL,1890,0.22
Belgium,BEL,1900,0.26
Belgium,BEL,1910,0.43
Belgium,BEL,1920,0.52
Belgium,BEL,1930,0.56
Belgium,BEL,1960,10.195943
Belgium,BEL,1961,10.67334
Belgium,BEL,1962,11.184204
Belgium,BEL,1963,11.615794
Belgium,BEL,1964,11.628894
Belgium,BEL,1965,12.4565325
Belgium,BEL,1966,13.212459
Belgium,BEL,1967,13.618577
Belgium,BEL,1968,14.658396
Belgium,BEL,1969,14.670849
Belgium,BEL,1970,14.941202
Belgium,BEL,1971,15.229111
Belgium,BEL,1972,16.142992
Belgium,BEL,1973,16.568434
Belgium,BEL,1974,17.188335
Belgium,BEL,1975,20.748629
Belgium,BEL,1976,21.755707
Belgium,BEL,1977,22.945824
Belgium,BEL,1978,23.217972
Belgium,BEL,1979,23.410912
Belgium,BEL,1980,23.484
Belgium,BEL,1981,25.049
Belgium,BEL,1982,25.65
Belgium,BEL,1983,25.941
Belgium,BEL,1984,25.151
Belgium,BEL,1985,25.986
Belgium,BEL,1986,25.814
Belgium,BEL,1987,25.577
Belgium,BEL,1988,25.378
Belgium,BEL,1989,24.522
Belgium,BEL,1990,24.952
Belgium,BEL,1991,25.717
Belgium,BEL,1992,24.721
Belgium,BEL,1993,25.786
Belgium,BEL,1994,25.162
Belgium,BEL,1995,25.657
Belgium,BEL,1996,26.28
Belgium,BEL,1997,25.255
Belgium,BEL,1998,25.24
Belgium,BEL,1999,25.026
Belgium,BEL,2000,23.935
Belgium,BEL,2001,24.398
Belgium,BEL,2002,24.773
Belgium,BEL,2003,25.325
Belgium,BEL,2004,25.078
Belgium,BEL,2005,24.931
Belgium,BEL,2006,24.831
Belgium,BEL,2007,24.338
Belgium,BEL,2008,25.744
Belgium,BEL,2009,27.878
Belgium,BEL,2010,27.658
Belgium,BEL,2011,27.879
Belgium,BEL,2012,27.822
Belgium,BEL,2013,28.2
Belgium,BEL,2014,28.26
Belgium,BEL,2015,29.119
Belgium,BEL,2016,28.517
Belgium,BEL,2017,28.363
Belgium,BEL,2018,28.342
Belgium,BEL,2019,28.053
Belgium,BEL,2020,31.567
Belgium,BEL,2021,29.102
Belgium,BEL,2022,27.833
Belgium,BEL,2023,28.283
Belgium,BEL,2024,28.573
Bulgaria,BGR,2005,14.855
Bulgaria,BGR,2006,14.036
Bulgaria,BGR,2007,13.14
Bulgaria,BGR,2008,13.807
Bulgaria,BGR,2009,15.624
Bulgaria,BGR,2010,16.269
Bulgaria,BGR,2011,15.477
Bulgaria,BGR,2012,16.455
Bulgaria,BGR,2013,17.75
Bulgaria,BGR,2014,18.419
Bulgaria,BGR,2015,17.583
Bulgaria,BGR,2016,17.21
Bulgaria,BGR,2017,16.834
Bulgaria,BGR,2018,16.84
Bulgaria,BGR,2019,16.547
Bulgaria,BGR,2020,19.585
Bulgaria,BGR,2021,20.496
Canada,CAN,1880,0
Canada,CAN,1890,0
Canada,CAN,1900,0
Canada,CAN,1910,0
Canada,CAN,1920,0.06
Canada,CAN,1930,0.31
Canada,CAN,1960,8.173254
Canada,CAN,1961,8.453966
Canada,CAN,1962,8.414475
Canada,CAN,1963,8.347013
Canada,CAN,1964,8.252643
Canada,CAN,1965,7.992057
Canada,CAN,1966,8.130821
Canada,CAN,1967,8.889842
Canada,CAN,1968,9.433317
Canada,CAN,1969,9.787334
Canada,CAN,1970,10.556071
Canada,CAN,1971,11.446135
Canada,CAN,1972,12.212042
Canada,CAN,1973,12.226215
Canada,CAN,1974,12.619465
Canada,CAN,1975,13.770022
Canada,CAN,1976,13.465986
Canada,CAN,1977,13.688413
Canada,CAN,1978,13.485691
Canada,CAN,1979,12.989418
Canada,CAN,1980,13.397
Canada,CAN,1981,13.871
Canada,CAN,1982,16.17
Canada,CAN,1983,16.336
Canada,CAN,1984,16.039
Canada,CAN,1985,16.525
Canada,CAN,1986,16.478
Canada,CAN,1987,16.211
Canada,CAN,1988,16.026
Canada,CAN,1989,16.396
Canada,CAN,1990,17.705
Canada,CAN,1991,20.113
Canada,CAN,1992,20.778
Canada,CAN,1993,20.735
Canada,CAN,1994,19.64
Canada,CAN,1995,18.778
Canada,CAN,1996,18.003
Canada,CAN,1997,17.497
Canada,CAN,1998,17.512
Canada,CAN,1999,16.445
Canada,CAN,2000,16.383
Canada,CAN,2001,16.825
Canada,CAN,2002,16.845
Canada,CAN,2003,16.91
Canada,CAN,2004,16.935
Canada,CAN,2005,16.742
Canada,CAN,2006,17.102
Canada,CAN,2007,17.027
Canada,CAN,2008,17.135
Canada,CAN,2009,18.943
Canada,CAN,2010,18.425
Canada,CAN,2011,17.9
Canada,CAN,2012,18.065
Canada,CAN,2013,17.932
Canada,CAN,2014,17.848
Canada,CAN,2015,18.892
Canada,CAN,2016,19.188
Canada,CAN,2017,19.092
Canada,CAN,2018,19.118
Canada,CAN,2019,19.846
Canada,CAN,2020,25.894
Canada,CAN,2021,21.858
Canada,CAN,2022,19.331
Chile,CHL,1986,13.311
Chile,CHL,1987,11.496
Chile,CHL,1988,10.237
Chile,CHL,1989,9.667
Chile,CHL,1990,9.558
Chile,CHL,1991,9.569
Chile,CHL,1992,9.139
Chile,CHL,1993,9.257
Chile,CHL,1994,8.974
Chile,CHL,1995,10.745
Chile,CHL,1996,11.619
Chile,CHL,1997,11.326
Chile,CHL,1998,11.707
Chile,CHL,1999,12.486
Chile,CHL,2000,10.214
Chile,CHL,2001,9.899
Chile,CHL,2002,9.915
Chile,CHL,2003,9.764
Chile,CHL,2004,9.177
Chile,CHL,2005,8.829
Chile,CHL,2006,8.212
Chile,CHL,2007,8.389
Chile,CHL,2008,9.527
Chile,CHL,2009,11.46
Chile,CHL,2010,10.543
Chile,CHL,2011,10.074
Chile,CHL,2012,10.133
Chile,CHL,2013,10.087
Chile,CHL,2014,10.371
Chile,CHL,2015,10.901
Chile,CHL,2016,11.129
Chile,CHL,2017,11.416
Chile,CHL,2018,11.386
Chile,CHL,2019,11.656
Chile,CHL,2020,15.501
Chile,CHL,2021,19.585
Chile,CHL,2022,12.313
Chile,CHL,2023,12.882
Colombia,COL,2010,12.149
Colombia,COL,2011,12.681
Colombia,COL,2012,12.63
Colombia,COL,2013,13.424
Colombia,COL,2014,14.108
Colombia,COL,2015,14.611
Colombia,COL,2016,14.24
Colombia,COL,2017,14.253
Colombia,COL,2018,13.817
Colombia,COL,2019,13.857
Colombia,COL,2020,16.83
Colombia,COL,2021,15.728
Colombia,COL,2022,13.634
Colombia,COL,2023,14.063
Costa Rica,CRI,2011,11.945
Costa Rica,CRI,2012,11.703
Costa Rica,CRI,2013,12.086
Costa Rica,CRI,2014,11.913
Costa Rica,CRI,2015,12.076
Costa Rica,CRI,2016,11.921
Costa Rica,CRI,2017,11.893
Costa Rica,CRI,2018,12.434
Costa Rica,CRI,2019,12.326
Costa Rica,CRI,2020,14.372
Costa Rica,CRI,2021,12.701
Costa Rica,CRI,2022,12.644
Croatia,HRV,2008,19.504
Croatia,HRV,2009,21.125
Croatia,HRV,2010,21.216
Croatia,HRV,2011,20.179
Croatia,HRV,2012,20.627
Croatia,HRV,2013,20.145
Croatia,HRV,2014,20.687
Croatia,HRV,2015,20.687
Croatia,HRV,2016,20.63
Croatia,HRV,2017,20.345
Croatia,HRV,2018,20.594
Croatia,HRV,2019,20.554
Croatia,HRV,2020,23.499
Croatia,HRV,2021,22.478
Czechia,CZE,1990,13.927
Czechia,CZE,1991,14.971
Czechia,CZE,1992,15.241
Czechia,CZE,1993,15.507
Czechia,CZE,1994,15.589
Czechia,CZE,1995,15.853
Czechia,CZE,1996,15.884
Czechia,CZE,1997,16.628
Czechia,CZE,1998,16.958
Czechia,CZE,1999,17.586
Czechia,CZE,2000,17.759
Czechia,CZE,2001,17.721
Czechia,CZE,2002,18.453
Czechia,CZE,2003,18.615
Czechia,CZE,2004,17.793
Czechia,CZE,2005,17.889
Czechia,CZE,2006,17.576
Czechia,CZE,2007,17.37
Czechia,CZE,2008,17.682
Czechia,CZE,2009,19.978
Czechia,CZE,2010,20.013
Czechia,CZE,2011,19.976
Czechia,CZE,2012,20.32
Czechia,CZE,2013,20.427
Czechia,CZE,2014,20.037
Czechia,CZE,2015,19.432
Czechia,CZE,2016,19.127
Czechia,CZE,2017,18.671
Czechia,CZE,2018,18.868
Czechia,CZE,2019,19.137
Czechia,CZE,2020,22.925
Czechia,CZE,2021,22.208
Czechia,CZE,2022,21.228
Czechia,CZE,2023,21.567
Czechia,CZE,2024,22.096
Denmark,DNK,1880,0.96
Denmark,DNK,1890,1.11
Denmark,DNK,1900,1.41
Denmark,DNK,1910,1.75
Denmark,DNK,1920,2.71
Denmark,DNK,1930,3.11
Denmark,DNK,1980,20.35
Denmark,DNK,1981,20.268
Denmark,DNK,1982,20.076
Denmark,DNK,1983,20.171
Denmark,DNK,1984,19.31
Denmark,DNK,1985,19.222
Denmark,DNK,1986,19.747
Denmark,DNK,1987,20.521
Denmark,DNK,1988,21.482
Denmark,DNK,1989,21.493
Denmark,DNK,1990,21.954
Denmark,DNK,1991,22.411
Denmark,DNK,1992,22.592
Denmark,DNK,1993,23.805
Denmark,DNK,1994,25.448
Denmark,DNK,1995,25.534
Denmark,DNK,1996,24.966
Denmark,DNK,1997,24.198
Denmark,DNK,1998,23.756
Denmark,DNK,1999,24.558
Denmark,DNK,2000,23.781
Denmark,DNK,2001,24.277
Denmark,DNK,2002,24.783
Denmark,DNK,2003,25.29
Denmark,DNK,2004,25.058
Denmark,DNK,2005,25.13
Denmark,DNK,2006,24.916
Denmark,DNK,2007,25.848
Denmark,DNK,2008,26.204
Denmark,DNK,2009,29.157
Denmark,DNK,2010,29.876
Denmark,DNK,2011,29.994
Denmark,DNK,2012,30.237
Denmark,DNK,2013,29.956
Denmark,DNK,2014,30.033
Denmark,DNK,2015,30.066
Denmark,DNK,2016,29.517
Denmark,DNK,2017,29.024
Denmark,DNK,2018,28.762
Denmark,DNK,2019,28.741
Denmark,DNK,2020,29.566
Denmark,DNK,2021,28.091
Denmark,DNK,2022,25.475
Denmark,DNK,2023,26.314
Denmark,DNK,2024,26.423
Estonia,EST,1999,15.204
Estonia,EST,2000,13.932
Estonia,EST,2001,13.117
Estonia,EST,2002,12.802
Estonia,EST,2003,13.133
Estonia,EST,2004,13.545
Estonia,EST,2005,13.121
Estonia,EST,2006,21.39
Estonia,EST,2007,12.646
Estonia,EST,2008,15.477
Estonia,EST,2009,19.821
Estonia,EST,2010,18.498
Estonia,EST,2011,16.451
Estonia,EST,2012,15.933
Estonia,EST,2013,15.75
Estonia,EST,2014,16.073
Estonia,EST,2015,17.326
Estonia,EST,2016,17.519
Estonia,EST,2017,17.014
Estonia,EST,2018,17.453
Estonia,EST,2019,17.8
Estonia,EST,2020,20.291
Estonia,EST,2021,19.037
Estonia,EST,2022,17.361
Estonia,EST,2023,17.204
Finland,FIN,1880,0.66
Finland,FIN,1890,0.76
Finland,FIN,1900,0.78
Finland,FIN,1910,0.9
Finland,FIN,1920,0.85
Finland,FIN,1930,2.97
Finland,FIN,1960,8.149849
Finland,FIN,1961,8.413569
Finland,FIN,1962,8.901161
Finland,FIN,1963,9.06732
Finland,FIN,1964,9.496826
Finland,FIN,1965,10.285602
Finland,FIN,1966,11.171189
Finland,FIN,1967,11.917964
Finland,FIN,1968,12.597746
Finland,FIN,1969,12.384985
Finland,FIN,1970,12.541923
Finland,FIN,1971,13.354315
Finland,FIN,1972,14.007411
Finland,FIN,1973,13.655986
Finland,FIN,1974,13.961091
Finland,FIN,1975,15.447797
Finland,FIN,1976,17.060396
Finland,FIN,1977,18.46282
Finland,FIN,1978,18.75349
Finland,FIN,1979,17.840757
Finland,FIN,1980,17.754
Finland,FIN,1981,17.897
Finland,FIN,1982,18.929
Finland,FIN,1983,19.838
Finland,FIN,1984,20.633
Finland,FIN,1985,21.686
Finland,FIN,1986,22.128
Finland,FIN,1987,22.763
Finland,FIN,1988,22.09
Finland,FIN,1989,21.818
Finland,FIN,1990,23.33
Finland,FIN,1991,28.244
Finland,FIN,1992,32.198
Finland,FIN,1993,32.316
Finland,FIN,1994,31.609
Finland,FIN,1995,28.932
Finland,FIN,1996,28.762
Finland,FIN,1997,26.618
Finland,FIN,1998,24.518
Finland,FIN,1999,23.849
Finland,FIN,2000,22.761
Finland,FIN,2001,22.576
Finland,FIN,2002,23.303
Finland,FIN,2003,23.953
Finland,FIN,2004,24.059
Finland,FIN,2005,24.044
Finland,FIN,2006,23.868
Finland,FIN,2007,22.963
Finland,FIN,2008,23.464
Finland,FIN,2009,27.059
Finland,FIN,2010,27.519
Finland,FIN,2011,27.223
Finland,FIN,2012,28.532
Finland,FIN,2013,29.672
Finland,FIN,2014,30.438
Finland,FIN,2015,30.812
Finland,FIN,2016,30.801
Finland,FIN,2017,29.884
Finland,FIN,2018,29.588
Finland,FIN,2019,29.626
Finland,FIN,2020,31.569
Finland,FIN,2021,31.019
Finland,FIN,2022,29.623
Finland,FIN,2023,30.898
Finland,FIN,2024,31.437
France,FRA,1880,0.46
France,FRA,1890,0.54
France,FRA,1900,0.57
France,FRA,1910,0.81
France,FRA,1920,0.64
France,FRA,1930,1.05
France,FRA,1975,16.549002
France,FRA,1976,18.180525
France,FRA,1977,18.68448
France,FRA,1978,19.549232
France,FRA,1979,19.821808
France,FRA,1980,20.333
France,FRA,1981,15.779
France,FRA,1982,16.299
France,FRA,1983,16.412
France,FRA,1984,16.554
France,FRA,1985,25.613
France,FRA,1986,19.351
France,FRA,1987,19.263
France,FRA,1988,19.047
France,FRA,1989,18.104
France,FRA,1990,24.62
France,FRA,1991,25.239
France,FRA,1992,25.991
France,FRA,1993,27.347
France,FRA,1994,27.373
France,FRA,1995,28.593
France,FRA,1996,28.899
France,FRA,1997,28.714
France,FRA,1998,28.975
France,FRA,1999,28.948
France,FRA,2000,27.812
France,FRA,2001,27.851
France,FRA,2002,28.594
France,FRA,2003,28.95
France,FRA,2004,29.01
France,FRA,2005,28.893
France,FRA,2006,28.426
France,FRA,2007,28.288
France,FRA,2008,28.518
France,FRA,2009,30.952
France,FRA,2010,30.97
France,FRA,2011,30.645
France,FRA,2012,31.185
France,FRA,2013,31.592
France,FRA,2014,31.892
France,FRA,2015,31.705
France,FRA,2016,31.842
France,FRA,2017,31.511
France,FRA,2018,31.052
France,FRA,2019,30.759
France,FRA,2020,34.693
France,FRA,2021,32.718
France,FRA,2022,31.363
France,FRA,2023,30.637
France,FRA,2024,30.649
Germany,DEU,1880,0.5
Germany,DEU,1890,0.53
Germany,DEU,1900,0.59
Germany,DEU,1930,4.82
Germany,DEU,1960,15.369004
Germany,DEU,1961,15.304998
Germany,DEU,1962,15.388236
Germany,DEU,1963,15.828846
Germany,DEU,1964,15.354482
Germany,DEU,1965,16.084034
Germany,DEU,1966,16.293688
Germany,DEU,1967,17.689854
Germany,DEU,1968,17.47867
Germany,DEU,1969,16.950384
Germany,DEU,1970,16.568996
Germany,DEU,1971,17.315866
Germany,DEU,1972,17.964119
Germany,DEU,1973,18.296705
Germany,DEU,1974,19.96038
Germany,DEU,1975,23.057457
Germany,DEU,1976,22.730425
Germany,DEU,1977,22.577394
Germany,DEU,1978,22.024511
Germany,DEU,1979,21.587797
Germany,DEU,1980,21.788
Germany,DEU,1981,22.446
Germany,DEU,1982,22.433
Germany,DEU,1983,22.14
Germany,DEU,1984,21.881
Germany,DEU,1985,22.228
Germany,DEU,1986,22.247
Germany,DEU,1987,22.715
Germany,DEU,1988,22.705
Germany,DEU,1989,21.643
Germany,DEU,1990,21.354
Germany,DEU,1991,22.476
Germany,DEU,1992,24.188
Germany,DEU,1993,24.934
Germany,DEU,1994,25.102
Germany,DEU,1995,25.649
Germany,DEU,1996,26.216
Germany,DEU,1997,25.691
Germany,DEU,1998,25.593
Germany,DEU,1999,25.599
Germany,DEU,2000,25.506
Germany,DEU,2001,25.492
Germany,DEU,2002,26.141
Germany,DEU,2003,26.545
Germany,DEU,2004,25.937
Germany,DEU,2005,26.22
Germany,DEU,2006,24.927
Germany,DEU,2007,24.044
Germany,DEU,2008,24.193
Germany,DEU,2009,27.427
Germany,DEU,2010,26.685
Germany,DEU,2011,25.385
Germany,DEU,2012,25.285
Germany,DEU,2013,25.492
Germany,DEU,2014,25.43
Germany,DEU,2015,25.721
Germany,DEU,2016,25.922
Germany,DEU,2017,25.938
Germany,DEU,2018,26.041
Germany,DEU,2019,26.409
Germany,DEU,2020,29.471
Germany,DEU,2021,28.867
Germany,DEU,2022,27.718
Germany,DEU,2023,27.293
Germany,DEU,2024,27.854
Greece,GRC,1960,6.183009
Greece,GRC,1961,6.246149
Greece,GRC,1962,6.3812037
Greece,GRC,1963,6.677631
Greece,GRC,1964,6.9184923
Greece,GRC,1965,7.3860254
Greece,GRC,1966,7.724125
Greece,GRC,1967,8.277393
Greece,GRC,1968,8.552504
Greece,GRC,1969,8.203541
Greece,GRC,1970,8.16058
Greece,GRC,1971,8.205326
Greece,GRC,1972,7.845308
Greece,GRC,1973,7.1085877
Greece,GRC,1974,7.557742
Greece,GRC,1975,7.8218164
Greece,GRC,1976,8.180926
Greece,GRC,1977,8.990005
Greece,GRC,1978,9.629905
Greece,GRC,1979,9.433667
Greece,GRC,1980,9.995
Greece,GRC,1981,12.037
Greece,GRC,1982,14.137
Greece,GRC,1983,14.688
Greece,GRC,1984,15.002
Greece,GRC,1985,15.585
Greece,GRC,1986,15.427
Greece,GRC,1987,15.393
Greece,GRC,1988,14.129
Greece,GRC,1989,14.979
Greece,GRC,1990,15.943
Greece,GRC,1991,15.392
Greece,GRC,1992,15.606
Greece,GRC,1993,16.462
Greece,GRC,1994,16.488
Greece,GRC,1995,16.834
Greece,GRC,1996,17.412
Greece,GRC,1997,17.448
Greece,GRC,1998,18.063
Greece,GRC,1999,18.688
Greece,GRC,2000,18.432
Greece,GRC,2001,19.238
Greece,GRC,2002,18.886
Greece,GRC,2003,18.68
Greece,GRC,2004,18.776
Greece,GRC,2005,19.982
Greece,GRC,2006,19.701
Greece,GRC,2007,20.434
Greece,GRC,2008,21.865
Greece,GRC,2009,24.239
Greece,GRC,2010,25.077
Greece,GRC,2011,26.442
Greece,GRC,2012,27.792
Greece,GRC,2013,25.717
Greece,GRC,2014,25.68
Greece,GRC,2015,25.864
Greece,GRC,2016,26.053
Greece,GRC,2017,25.122
Greece,GRC,2018,24.881
Greece,GRC,2019,24.83
Greece,GRC,2020,28.584
Greece,GRC,2021,26.37
Greece,GRC,2022,24.447
Greece,GRC,2023,23.722
Greece,GRC,2024,23.744
Hungary,HUN,1999,20.817
Hungary,HUN,2000,20.068
Hungary,HUN,2001,19.753
Hungary,HUN,2002,20.792
Hungary,HUN,2003,21.818
Hungary,HUN,2004,21.075
Hungary,HUN,2005,21.842
Hungary,HUN,2006,22.14
Hungary,HUN,2007,22.391
Hungary,HUN,2008,22.643
Hungary,HUN,2009,23.239
Hungary,HUN,2010,22.862
Hungary,HUN,2011,22.208
Hungary,HUN,2012,22.546
Hungary,HUN,2013,22.183
Hungary,HUN,2014,21.315
Hungary,HUN,2015,20.343
Hungary,HUN,2016,20.116
Hungary,HUN,2017,19.411
Hungary,HUN,2018,18.55
Hungary,HUN,2019,17.492
Hungary,HUN,2020,18.986
Hungary,HUN,2021,18.403
Hungary,HUN,2022,17.721
Hungary,HUN,2023,18.074
Hungary,HUN,2024,17.996
Iceland,ISL,1990,13.289
Iceland,ISL,1991,13.742
Iceland,ISL,1992,14.274
Iceland,ISL,1993,14.564
Iceland,ISL,1994,14.354
Iceland,ISL,1995,14.686
Iceland,ISL,1996,14.552
Iceland,ISL,1997,14.108
Iceland,ISL,1998,14.17
Iceland,ISL,1999,14.423
Iceland,ISL,2000,14.462
Iceland,ISL,2001,14.482
Iceland,ISL,2002,15.808
Iceland,ISL,2003,16.732
Iceland,ISL,2004,16.492
Iceland,ISL,2005,15.618
Iceland,ISL,2006,14.977
Iceland,ISL,2007,15.825
Iceland,ISL,2008,16.15
Iceland,ISL,2009,18.491
Iceland,ISL,2010,17.732
Iceland,ISL,2011,18.198
Iceland,ISL,2012,17.844
Iceland,ISL,2013,17.376
Iceland,ISL,2014,17.573
Iceland,ISL,2015,16.71
Iceland,ISL,2016,16.55
Iceland,ISL,2017,17.559
Iceland,ISL,2018,17.819
Iceland,ISL,2019,18.854
Iceland,ISL,2020,23.071
Iceland,ISL,2021,22.696
Iceland,ISL,2022,19.554
Iceland,ISL,2023,18.63
Iceland,ISL,2024,19.215
Ireland,IRL,1930,3.74
Ireland,IRL,1960,7.102097
Ireland,IRL,1961,7.2091494
Ireland,IRL,1962,7.303251
Ireland,IRL,1963,7.6269927
Ireland,IRL,1964,7.5265546
Ireland,IRL,1965,7.8354607
Ireland,IRL,1966,8.494923
Ireland,IRL,1967,8.695133
Ireland,IRL,1968,8.480267
Ireland,IRL,1969,8.908888
Ireland,IRL,1970,9.708178
Ireland,IRL,1971,10.246468
Ireland,IRL,1972,10.114014
Ireland,IRL,1973,10.9998865
Ireland,IRL,1974,12.394348
Ireland,IRL,1975,13.926001
Ireland,IRL,1976,13.8120985
Ireland,IRL,1977,13.346849
Ireland,IRL,1978,13.392767
Ireland,IRL,1979,13.806341
Ireland,IRL,1980,15.674
Ireland,IRL,1981,15.784
Ireland,IRL,1982,16.575
Ireland,IRL,1983,16.695
Ireland,IRL,1984,16.161
Ireland,IRL,1985,20.392
Ireland,IRL,1986,20.541
Ireland,IRL,1987,19.816
Ireland,IRL,1988,18.601
Ireland,IRL,1989,17.14
Ireland,IRL,1990,16.858
Ireland,IRL,1991,17.762
Ireland,IRL,1992,18.526
Ireland,IRL,1993,18.497
Ireland,IRL,1994,18.099
Ireland,IRL,1995,17.563
Ireland,IRL,1996,16.591
Ireland,IRL,1997,15.508
Ireland,IRL,1998,14.542
Ireland,IRL,1999,13.682
Ireland,IRL,2000,13.136
Ireland,IRL,2001,13.948
Ireland,IRL,2002,14.858
Ireland,IRL,2003,15.422
Ireland,IRL,2004,15.741
Ireland,IRL,2005,15.834
Ireland,IRL,2006,15.841
Ireland,IRL,2007,16.746
Ireland,IRL,2008,19.955
Ireland,IRL,2009,23.853
Ireland,IRL,2010,24.118
Ireland,IRL,2011,23.025
Ireland,IRL,2012,22.842
Ireland,IRL,2013,21.33
Ireland,IRL,2014,19.5
Ireland,IRL,2015,14.659
Ireland,IRL,2016,14.8
Ireland,IRL,2017,13.643
Ireland,IRL,2018,13.163
Ireland,IRL,2019,12.699
Ireland,IRL,2020,15.513
Ireland,IRL,2021,13.566
Ireland,IRL,2022,12.068
Ireland,IRL,2023,13.405
Ireland,IRL,2024,14.359
Israel,ISR,1995,15.954
Israel,ISR,1996,16.429
Israel,ISR,1997,16.441
Israel,ISR,1998,16.255
Israel,ISR,1999,16.229
Israel,ISR,2000,16.027
Israel,ISR,2001,17.274
Israel,ISR,2002,17.163
Israel,ISR,2003,16.681
Israel,ISR,2004,15.668
Israel,ISR,2005,15.234
Israel,ISR,2006,14.913
Israel,ISR,2007,14.391
Israel,ISR,2008,14.639
Israel,ISR,2009,15.134
Israel,ISR,2010,15.298
Israel,ISR,2011,15.062
Israel,ISR,2012,15.276
Israel,ISR,2013,15.413
Israel,ISR,2014,15.435
Israel,ISR,2015,15.405
Israel,ISR,2016,15.453
Israel,ISR,2017,16.022
Israel,ISR,2018,16.01
Israel,ISR,2019,16.068
Israel,ISR,2020,20.011
Israel,ISR,2021,17.771
Israel,ISR,2022,15.608
Israel,ISR,2023,16.283
Italy,ITA,1880,0
Italy,ITA,1890,0
Italy,ITA,1900,0
Italy,ITA,1910,0
Italy,ITA,1920,0
Italy,ITA,1930,0.08
Italy,ITA,1960,10.657316
Italy,ITA,1961,10.440164
Italy,ITA,1962,11.259757
Italy,ITA,1963,11.5992565
Italy,ITA,1964,11.668096
Italy,ITA,1965,13.152736
Italy,ITA,1966,13.285215
Italy,ITA,1967,13.181349
Italy,ITA,1968,13.477617
Italy,ITA,1969,13.835304
Italy,ITA,1970,13.801229
Italy,ITA,1971,14.759734
Italy,ITA,1972,15.80133
Italy,ITA,1973,15.557403
Italy,ITA,1974,15.7307005
Italy,ITA,1975,17.116892
Italy,ITA,1976,17.160154
Italy,ITA,1977,16.547024
Italy,ITA,1978,17.908726
Italy,ITA,1979,17.269865
Italy,ITA,1980,17.282
Italy,ITA,1981,18.623
Italy,ITA,1982,19.085
Italy,ITA,1983,20.104
Italy,ITA,1984,19.679
Italy,ITA,1985,20.001
Italy,ITA,1986,20
Italy,ITA,1987,20.218
Italy,ITA,1988,20.076
Italy,ITA,1989,20.238
Italy,ITA,1990,20.588
Italy,ITA,1991,20.958
Italy,ITA,1992,21.683
Italy,ITA,1993,21.949
Italy,ITA,1994,21.931
Italy,ITA,1995,21.007
Italy,ITA,1996,21.427
Italy,ITA,1997,22.097
Italy,ITA,1998,22.25
Italy,ITA,1999,22.674
Italy,ITA,2000,22.551
Italy,ITA,2001,22.722
Italy,ITA,2002,23.139
Italy,ITA,2003,23.482
Italy,ITA,2004,23.739
Italy,ITA,2005,23.968
Italy,ITA,2006,24.065
Italy,ITA,2007,23.901
Italy,ITA,2008,24.842
Italy,ITA,2009,26.836
Italy,ITA,2010,26.827
Italy,ITA,2011,26.43
Italy,ITA,2012,27.121
Italy,ITA,2013,27.733
Italy,ITA,2014,27.985
Italy,ITA,2015,28.188
Italy,ITA,2016,27.779
Italy,ITA,2017,27.528
Italy,ITA,2018,27.417
Italy,ITA,2019,27.619
Italy,ITA,2020,32.495
Italy,ITA,2021,29.834
Italy,ITA,2022,28.245
Italy,ITA,2023,27.521
Italy,ITA,2024,27.569
Japan,JPN,1880,0.05
Japan,JPN,1890,0.11
Japan,JPN,1900,0.17
Japan,JPN,1910,0.18
Japan,JPN,1920,0.18
Japan,JPN,1930,0.21
Japan,JPN,1960,3.327155
Japan,JPN,1961,3.7628338
Japan,JPN,1962,4.0174747
Japan,JPN,1963,4.1905417
Japan,JPN,1964,4.2379403
Japan,JPN,1965,4.5267024
Japan,JPN,1966,4.5794
Japan,JPN,1967,4.6308193
Japan,JPN,1968,4.5706687
Japan,JPN,1969,4.4774094
Japan,JPN,1970,4.706678
Japan,JPN,1971,4.920253
Japan,JPN,1972,5.317922
Japan,JPN,1973,5.49207
Japan,JPN,1974,6.6492877
Japan,JPN,1975,7.6613207
Japan,JPN,1976,8.255052
Japan,JPN,1977,8.576309
Japan,JPN,1978,9.225517
Japan,JPN,1979,9.522368
Japan,JPN,1980,9.82
Japan,JPN,1981,10.248
Japan,JPN,1982,10.569
Japan,JPN,1983,10.795
Japan,JPN,1984,10.664
Japan,JPN,1985,10.637
Japan,JPN,1986,10.965
Japan,JPN,1987,11.025
Japan,JPN,1988,10.736
Japan,JPN,1989,10.594
Japan,JPN,1990,10.45
Japan,JPN,1991,10.579
Japan,JPN,1992,11.185
Japan,JPN,1993,11.876
Japan,JPN,1994,12.383
Japan,JPN,1995,12.745
Japan,JPN,1996,12.721
Japan,JPN,1997,13.147
Japan,JPN,1998,13.86
Japan,JPN,1999,14.726
Japan,JPN,2000,14.916
Japan,JPN,2001,15.764
Japan,JPN,2002,16.106
Japan,JPN,2003,16.285
Japan,JPN,2004,16.49
Japan,JPN,2005,16.886
Japan,JPN,2006,17.011
Japan,JPN,2007,17.431
Japan,JPN,2008,18.445
Japan,JPN,2009,20.632
Japan,JPN,2010,20.981
Japan,JPN,2011,21.826
Japan,JPN,2012,21.773
Japan,JPN,2013,21.769
Japan,JPN,2014,21.539
Japan,JPN,2015,21.914
Japan,JPN,2016,21.965
Japan,JPN,2017,22.071
Japan,JPN,2018,22.191
Japan,JPN,2019,22.766
Japan,JPN,2020,24.762
Japan,JPN,2021,25.448
Japan,JPN,2022,24.736
Latvia,LVA,1994,0
Latvia,LVA,1995,0
Latvia,LVA,1996,0
Latvia,LVA,1997,14.654
Latvia,LVA,1998,15.408
Latvia,LVA,1999,16.851
Latvia,LVA,2000,15.701
Latvia,LVA,2001,14.619
Latvia,LVA,2002,14.259
Latvia,LVA,2003,13.479
Latvia,LVA,2004,13.575
Latvia,LVA,2005,12.72
Latvia,LVA,2006,12.758
Latvia,LVA,2007,11.636
Latvia,LVA,2008,13.573
Latvia,LVA,2009,18.417
Latvia,LVA,2010,19.533
Latvia,LVA,2011,17.514
Latvia,LVA,2012,15.918
Latvia,LVA,2013,16.1
Latvia,LVA,2014,15.941
Latvia,LVA,2015,16.26
Latvia,LVA,2016,16.542
Latvia,LVA,2017,16.4
Latvia,LVA,2018,16.716
Latvia,LVA,2019,17.137
Latvia,LVA,2020,19.2
Latvia,LVA,2021,21.738
Latvia,LVA,2022,20.505
Latvia,LVA,2023,19.705
Lithuania,LTU,1996,13.04
Lithuania,LTU,1997,13.687
Lithuania,LTU,1998,14.904
Lithuania,LTU,1999,16.077
Lithuania,LTU,2000,15.368
Lithuania,LTU,2001,14.533
Lithuania,LTU,2002,14.336
Lithuania,LTU,2003,14.268
Lithuania,LTU,2004,13.168
Lithuania,LTU,2005,13.691
Lithuania,LTU,2006,13.792
Lithuania,LTU,2007,14.827
Lithuania,LTU,2008,16.563
Lithuania,LTU,2009,21.787
Lithuania,LTU,2010,19.488
Lithuania,LTU,2011,17.335
Lithuania,LTU,2012,16.393
Lithuania,LTU,2013,15.406
Lithuania,LTU,2014,15.581
Lithuania,LTU,2015,15.766
Lithuania,LTU,2016,15.602
Lithuania,LTU,2017,15.334
Lithuania,LTU,2018,16.244
Lithuania,LTU,2019,16.862
Lithuania,LTU,2020,21.091
Lithuania,LTU,2021,19.298
Lithuania,LTU,2022,17.444
Lithuania,LTU,2023,16.941
Luxembourg,LUX,1980,20.098
Luxembourg,LUX,1981,21.505
Luxembourg,LUX,1982,20.826
Luxembourg,LUX,1983,20.992
Luxembourg,LUX,1984,19.774
Luxembourg,LUX,1985,19.582
Luxembourg,LUX,1986,18.953
Luxembourg,LUX,1987,19.813
Luxembourg,LUX,1988,19.402
Luxembourg,LUX,1989,18.769
Luxembourg,LUX,1990,18.974
Luxembourg,LUX,1991,19.287
Luxembourg,LUX,1992,19.64
Luxembourg,LUX,1993,19.964
Luxembourg,LUX,1994,19.778
Luxembourg,LUX,1995,20.583
Luxembourg,LUX,1996,20.561
Luxembourg,LUX,1997,20.033
Luxembourg,LUX,1998,20.213
Luxembourg,LUX,1999,19.805
Luxembourg,LUX,2000,18.774
Luxembourg,LUX,2001,20.28
Luxembourg,LUX,2002,21.481
Luxembourg,LUX,2003,22.756
Luxembourg,LUX,2004,22.821
Luxembourg,LUX,2005,22.587
Luxembourg,LUX,2006,21.111
Luxembourg,LUX,2007,19.618
Luxembourg,LUX,2008,20.416
Luxembourg,LUX,2009,22.373
Luxembourg,LUX,2010,21.533
Luxembourg,LUX,2011,20.871
Luxembourg,LUX,2012,20.579
Luxembourg,LUX,2013,20.537
Luxembourg,LUX,2014,20.462
Luxembourg,LUX,2015,20.151
Luxembourg,LUX,2016,20.034
Luxembourg,LUX,2017,20.543
Luxembourg,LUX,2018,20.836
Luxembourg,LUX,2019,21.345
Luxembourg,LUX,2020,23.915
Luxembourg,LUX,2021,21.542
Luxembourg,LUX,2022,22.102
Luxembourg,LUX,2023,23.398
Luxembourg,LUX,2024,23.962
Mexico,MEX,1985,1.856
Mexico,MEX,1986,1.701
Mexico,MEX,1987,1.644
Mexico,MEX,1988,1.83
Mexico,MEX,1989,2.346
Mexico,MEX,1990,2.99
Mexico,MEX,1991,3.357
Mexico,MEX,1992,3.668
Mexico,MEX,1993,3.576
Mexico,MEX,1994,3.914
Mexico,MEX,1995,3.486
Mexico,MEX,1996,3.202
Mexico,MEX,1997,3.247
Mexico,MEX,1998,3.597
Mexico,MEX,1999,4.075
Mexico,MEX,2000,4.189
Mexico,MEX,2001,4.746
Mexico,MEX,2002,5.092
Mexico,MEX,2003,5.735
Mexico,MEX,2004,5.683
Mexico,MEX,2005,5.877
Mexico,MEX,2006,5.985
Mexico,MEX,2007,5.974
Mexico,MEX,2008,6.406
Mexico,MEX,2009,6.928
Mexico,MEX,2010,7.026
Mexico,MEX,2011,6.925
Mexico,MEX,2012,6.917
Mexico,MEX,2013,7.262
Mexico,MEX,2014,7.279
Mexico,MEX,2015,7.395
Mexico,MEX,2016,7.259
Mexico,MEX,2017,7.209
Mexico,MEX,2018,7.053
Mexico,MEX,2019,7.669
Mexico,MEX,2020,9.8
Mexico,MEX,2021,9.478
Mexico,MEX,2022,9.658
Mexico,MEX,2023,10.034
Netherlands,NLD,1880,0.29
Netherlands,NLD,1890,0.3
Netherlands,NLD,1900,0.39
Netherlands,NLD,1910,0.39
Netherlands,NLD,1920,0.99
Netherlands,NLD,1930,1.03
Netherlands,NLD,1960,10.054087
Netherlands,NLD,1961,10.89533
Netherlands,NLD,1962,11.643043
Netherlands,NLD,1963,13.420596
Netherlands,NLD,1964,13.53556
Netherlands,NLD,1965,14.70757
Netherlands,NLD,1966,15.928273
Netherlands,NLD,1967,16.989826
Netherlands,NLD,1968,17.601143
Netherlands,NLD,1969,18.47689
Netherlands,NLD,1970,19.290518
Netherlands,NLD,1971,20.081476
Netherlands,NLD,1972,20.900835
Netherlands,NLD,1973,21.513796
Netherlands,NLD,1974,22.947046
Netherlands,NLD,1975,25.398127
Netherlands,NLD,1976,25.439497
Netherlands,NLD,1977,21.95076
Netherlands,NLD,1978,22.861532
Netherlands,NLD,1979,23.610466
Netherlands,NLD,1980,24.351
Netherlands,NLD,1981,25.01
Netherlands,NLD,1982,26.638
Netherlands,NLD,1983,27.021
Netherlands,NLD,1984,25.683
Netherlands,NLD,1985,25.079
Netherlands,NLD,1986,24.656
Netherlands,NLD,1987,24.722
Netherlands,NLD,1988,24.404
Netherlands,NLD,1989,24.037
Netherlands,NLD,1990,25.448
Netherlands,NLD,1991,25.374
Netherlands,NLD,1992,25.852
Netherlands,NLD,1993,25.997
Netherlands,NLD,1994,24.55
Netherlands,NLD,1995,22.487
Netherlands,NLD,1996,21.489
Netherlands,NLD,1997,20.884
Netherlands,NLD,1998,20.987
Netherlands,NLD,1999,20.274
Netherlands,NLD,2000,19.669
Netherlands,NLD,2001,19.773
Netherlands,NLD,2002,20.515
Netherlands,NLD,2003,21.155
Netherlands,NLD,2004,20.94
Netherlands,NLD,2005,20.507
Netherlands,NLD,2006,17.206
Netherlands,NLD,2007,16.527
Netherlands,NLD,2008,16.256
Netherlands,NLD,2009,17.846
Netherlands,NLD,2010,18.317
Netherlands,NLD,2011,18.419
Netherlands,NLD,2012,18.897
Netherlands,NLD,2013,19.141
Netherlands,NLD,2014,19.03
Netherlands,NLD,2015,18.602
Netherlands,NLD,2016,18.443
Netherlands,NLD,2017,17.939
Netherlands,NLD,2018,17.586
Netherlands,NLD,2019,17.519
Netherlands,NLD,2020,21.178
Netherlands,NLD,2021,19.753
Netherlands,NLD,2022,17.709
Netherlands,NLD,2023,18.384
Netherlands,NLD,2024,18.873
New Zealand,NZL,1880,0.17
New Zealand,NZL,1890,0.39
New Zealand,NZL,1900,1.09
New Zealand,NZL,1910,1.35
New Zealand,NZL,1920,1.84
New Zealand,NZL,1930,2.43
New Zealand,NZL,1960,11.104164
New Zealand,NZL,1961,11.0140505
New Zealand,NZL,1962,11.265767
New Zealand,NZL,1963,10.715092
New Zealand,NZL,1964,10.484515
New Zealand,NZL,1965,10.274061
New Zealand,NZL,1966,10.476736
New Zealand,NZL,1967,10.817222
New Zealand,NZL,1968,10.564251
New Zealand,NZL,1969,10.221522
New Zealand,NZL,1970,9.876216
New Zealand,NZL,1971,9.7020855
New Zealand,NZL,1972,10.748586
New Zealand,NZL,1973,11.263073
New Zealand,NZL,1974,11.850643
New Zealand,NZL,1975,12.6222515
New Zealand,NZL,1976,13.000031
New Zealand,NZL,1977,15.336157
New Zealand,NZL,1978,15.915543
New Zealand,NZL,1979,15.761355
New Zealand,NZL,1980,16.299
New Zealand,NZL,1981,16.478
New Zealand,NZL,1982,16.946
New Zealand,NZL,1983,16.62
New Zealand,NZL,1984,15.927
New Zealand,NZL,1985,16.294
New Zealand,NZL,1986,16.397
New Zealand,NZL,1987,17.266
New Zealand,NZL,1988,18.298
New Zealand,NZL,1989,19.649
New Zealand,NZL,1990,20.142
New Zealand,NZL,1991,20.564
New Zealand,NZL,1992,20.247
New Zealand,NZL,1993,18.797
New Zealand,NZL,1994,18.18
New Zealand,NZL,1995,17.616
New Zealand,NZL,1996,17.561
New Zealand,NZL,1997,18.577
New Zealand,NZL,1998,19.111
New Zealand,NZL,1999,18.46
New Zealand,NZL,2000,18.259
New Zealand,NZL,2001,17.628
New Zealand,NZL,2002,18.268
New Zealand,NZL,2003,17.641
New Zealand,NZL,2004,16.714
New Zealand,NZL,2005,18.649
New Zealand,NZL,2006,18.734
New Zealand,NZL,2007,19.672
New Zealand,NZL,2008,21.965
New Zealand,NZL,2009,22.338
New Zealand,NZL,2010,22
New Zealand,NZL,2011,21.238
New Zealand,NZL,2012,21.36
New Zealand,NZL,2013,20.641
New Zealand,NZL,2014,20.68
New Zealand,NZL,2015,20.27
New Zealand,NZL,2016,20.032
New Zealand,NZL,2017,19.859
New Zealand,NZL,2018,19.834
New Zealand,NZL,2019,24.18
New Zealand,NZL,2020,22.674
New Zealand,NZL,2021,24.234
New Zealand,NZL,2022,24.625
Norway,NOR,1880,1.07
Norway,NOR,1890,0.95
Norway,NOR,1900,1.24
Norway,NOR,1910,1.18
Norway,NOR,1920,1.09
Norway,NOR,1930,2.39
Norway,NOR,1960,6.0308456
Norway,NOR,1961,6.224853
Norway,NOR,1962,6.779612
Norway,NOR,1963,7.106426
Norway,NOR,1964,7.3301353
Norway,NOR,1965,7.7978187
Norway,NOR,1966,8.597698
Norway,NOR,1967,9.164309
Norway,NOR,1968,9.670078
Norway,NOR,1969,10.3219
Norway,NOR,1970,12.388331
Norway,NOR,1971,13.365773
Norway,NOR,1972,14.333635
Norway,NOR,1973,14.651313
Norway,NOR,1974,14.323746
Norway,NOR,1975,14.974225
Norway,NOR,1976,15.539198
Norway,NOR,1977,15.916625
Norway,NOR,1978,16.711977
Norway,NOR,1979,16.927437
Norway,NOR,1980,16.121
Norway,NOR,1981,16.066881
Norway,NOR,1985,17.198
Norway,NOR,1988,19.971
Norway,NOR,1989,20.866
Norway,NOR,1990,21.55
Norway,NOR,1991,22.458
Norway,NOR,1992,23.346
Norway,NOR,1993,23.261
Norway,NOR,1994,23.081
Norway,NOR,1995,22.474
Norway,NOR,1996,21.681
Norway,NOR,1997,21.183
Norway,NOR,1998,22.624
Norway,NOR,1999,22.538
Norway,NOR,2000,20.386
Norway,NOR,2001,21.202
Norway,NOR,2002,22.664
Norway,NOR,2003,23.59
Norway,NOR,2004,22.22
Norway,NOR,2005,20.664
Norway,NOR,2006,19.404
Norway,NOR,2007,19.52
Norway,NOR,2008,19.169
Norway,NOR,2009,22.415
Norway,NOR,2010,22.001
Norway,NOR,2011,21.446
Norway,NOR,2012,21.332
Norway,NOR,2013,21.782
Norway,NOR,2014,22.687
Norway,NOR,2015,24.531
Norway,NOR,2016,25.819
Norway,NOR,2017,24.952
Norway,NOR,2018,24.082
Norway,NOR,2019,25.055
Norway,NOR,2020,27.989
Norway,NOR,2021,23.358
Norway,NOR,2022,18.545
Norway,NOR,2023,22.318
Norway,NOR,2024,24.055
OECD countries,,1980,14.404
OECD countries,,1981,14.718
OECD countries,,1982,15.179
OECD countries,,1983,15.447
OECD countries,,1984,15.253
OECD countries,,1985,15.977
OECD countries,,1986,15.811
OECD countries,,1987,15.947
OECD countries,,1988,15.849
OECD countries,,1989,15.726
OECD countries,,1990,16.5
OECD countries,,1991,17.324
OECD countries,,1992,18.129
OECD countries,,1993,18.654
OECD countries,,1994,18.441
OECD countries,,1995,18.105
OECD countries,,1996,18.086
OECD countries,,1997,17.773
OECD countries,,1998,17.831
OECD countries,,1999,17.743
OECD countries,,2000,17.452
OECD countries,,2001,17.645
OECD countries,,2002,18.086
OECD countries,,2003,18.416
OECD countries,,2004,18.208
OECD countries,,2005,18.182
OECD countries,,2006,18.063
OECD countries,,2007,17.71
OECD countries,,2008,18.464
OECD countries,,2009,20.665
OECD countries,,2010,20.509
OECD countries,,2011,20.152
OECD countries,,2012,20.268
OECD countries,,2013,20.33
OECD countries,,2014,20.287
OECD countries,,2015,20.212
OECD countries,,2016,20.204
OECD countries,,2017,19.945
OECD countries,,2018,19.834
OECD countries,,2019,20.258
OECD countries,,2020,23.32
OECD countries,,2021,22.107
OECD countries,,2022,20.486
OECD countries,,2023,20.758
OECD countries,,2024,21.229
Peru,PER,2012,5.997
Peru,PER,2013,7.057
Peru,PER,2014,7.785
Peru,PER,2015,7.692
Peru,PER,2016,7.519
Peru,PER,2017,8.24
Peru,PER,2018,7.626
Peru,PER,2019,7.827
Peru,PER,2020,9.19
Peru,PER,2021,8.822
Peru,PER,2022,8.079
Peru,PER,2023,7.548
Poland,POL,1990,14.139
Poland,POL,1991,20.407
Poland,POL,1992,23.95
Poland,POL,1993,23.446
Poland,POL,1994,22.376
Poland,POL,1995,21.725
Poland,POL,1996,21.903
Poland,POL,1997,21.408
Poland,POL,1998,20.629
Poland,POL,1999,20.974
Poland,POL,2000,20.063
Poland,POL,2001,21.575
Poland,POL,2002,21.725
Poland,POL,2003,21.841
Poland,POL,2004,21.116
Poland,POL,2005,20.84
Poland,POL,2006,20.56
Poland,POL,2007,19.498
Poland,POL,2008,20.146
Poland,POL,2009,21.255
Poland,POL,2010,20.802
Poland,POL,2011,19.595
Poland,POL,2012,19.871
Poland,POL,2013,20.742
Poland,POL,2014,20.325
Poland,POL,2015,20.15
Poland,POL,2016,21.189
Poland,POL,2017,20.743
Poland,POL,2018,20.288
Poland,POL,2019,20.962
Poland,POL,2020,23.47
Poland,POL,2021,22.155
Poland,POL,2022,20.72
Poland,POL,2023,21.86
Poland,POL,2024,23.067
Portugal,PRT,1980,9.515
Portugal,PRT,1981,10.157
Portugal,PRT,1982,9.614
Portugal,PRT,1983,9.728
Portugal,PRT,1984,9.664
Portugal,PRT,1985,9.83
Portugal,PRT,1986,10.424
Portugal,PRT,1987,10.695
Portugal,PRT,1988,10.852
Portugal,PRT,1989,10.495
Portugal,PRT,1990,12.225
Portugal,PRT,1991,13.104
Portugal,PRT,1992,13.758
Portugal,PRT,1993,15.12
Portugal,PRT,1994,15.238
Portugal,PRT,1995,16.019
Portugal,PRT,1996,16.597
Portugal,PRT,1997,16.443
Portugal,PRT,1998,16.836
Portugal,PRT,1999,17.243
Portugal,PRT,2000,18.576
Portugal,PRT,2001,19.061
Portugal,PRT,2002,20.408
Portugal,PRT,2003,21.461
Portugal,PRT,2004,21.798
Portugal,PRT,2005,22.424
Portugal,PRT,2006,21.643
Portugal,PRT,2007,21.307
Portugal,PRT,2008,21.768
Portugal,PRT,2009,24.11
Portugal,PRT,2010,24.302
Portugal,PRT,2011,24.198
Portugal,PRT,2012,24.297
Portugal,PRT,2013,25.386
Portugal,PRT,2014,24.959
Portugal,PRT,2015,23.967
Portugal,PRT,2016,23.477
Portugal,PRT,2017,22.783
Portugal,PRT,2018,22.478
Portugal,PRT,2019,22.329
Portugal,PRT,2020,26.06
Portugal,PRT,2021,25.502
Portugal,PRT,2022,24.068
Portugal,PRT,2023,22.98
Portugal,PRT,2024,24.107
Romania,ROU,2003,9.624
Romania,ROU,2004,9.561
Romania,ROU,2005,14.401
Romania,ROU,2006,13.653
Romania,ROU,2007,13.833
Romania,ROU,2008,14.547
Romania,ROU,2009,16.634
Romania,ROU,2010,17.391
Romania,ROU,2011,15.4
Romania,ROU,2012,14.697
Romania,ROU,2013,15.408
Romania,ROU,2014,15.076
Romania,ROU,2015,14.865
Romania,ROU,2016,15.172
Romania,ROU,2017,15.241
Romania,ROU,2018,15.281
Romania,ROU,2019,15.589
Romania,ROU,2020,17.621
Romania,ROU,2021,17.566
Slovakia,SVK,1995,18.089
Slovakia,SVK,1996,17.764
Slovakia,SVK,1997,17.494
Slovakia,SVK,1998,17.635
Slovakia,SVK,1999,18.165
Slovakia,SVK,2000,17.533
Slovakia,SVK,2001,17.26
Slovakia,SVK,2002,17.415
Slovakia,SVK,2003,16.727
Slovakia,SVK,2004,15.96
Slovakia,SVK,2005,15.442
Slovakia,SVK,2006,15.063
Slovakia,SVK,2007,14.854
Slovakia,SVK,2008,14.942
Slovakia,SVK,2009,17.781
Slovakia,SVK,2010,17.313
Slovakia,SVK,2011,17.089
Slovakia,SVK,2012,17.238
Slovakia,SVK,2013,17.559
Slovakia,SVK,2014,17.637
Slovakia,SVK,2015,17.145
Slovakia,SVK,2016,17.494
Slovakia,SVK,2017,17.411
Slovakia,SVK,2018,17.016
Slovakia,SVK,2019,17.359
Slovakia,SVK,2020,19.094
Slovakia,SVK,2021,18.971
Slovakia,SVK,2022,18.119
Slovakia,SVK,2023,19.294
Slovenia,SVN,1995,5.677
Slovenia,SVN,1996,21.962
Slovenia,SVN,1997,22.306
Slovenia,SVN,1998,22.43
Slovenia,SVN,1999,22.416
Slovenia,SVN,2000,22.238
Slovenia,SVN,2001,22.17
Slovenia,SVN,2002,22.585
Slovenia,SVN,2003,22.093
Slovenia,SVN,2004,21.677
Slovenia,SVN,2005,21.679
Slovenia,SVN,2006,21.245
Slovenia,SVN,2007,19.841
Slovenia,SVN,2008,19.977
Slovenia,SVN,2009,22.693
Slovenia,SVN,2010,23.558
Slovenia,SVN,2011,23.617
Slovenia,SVN,2012,23.682
Slovenia,SVN,2013,24.075
Slovenia,SVN,2014,23.312
Slovenia,SVN,2015,22.877
Slovenia,SVN,2016,22.5
Slovenia,SVN,2017,21.676
Slovenia,SVN,2018,21.517
Slovenia,SVN,2019,21.64
Slovenia,SVN,2020,25.19
Slovenia,SVN,2021,24.529
Slovenia,SVN,2022,23.934
Slovenia,SVN,2023,22.632
Slovenia,SVN,2024,22.997
South Korea,KOR,1990,2.548
South Korea,KOR,1991,2.455
South Korea,KOR,1992,2.667
South Korea,KOR,1993,2.738
South Korea,KOR,1994,2.733
South Korea,KOR,1995,2.906
South Korea,KOR,1996,3.049
South Korea,KOR,1997,3.281
South Korea,KOR,1998,4.55
South Korea,KOR,1999,5.423
South Korea,KOR,2000,4.245
South Korea,KOR,2001,4.489
South Korea,KOR,2002,4.361
South Korea,KOR,2003,4.626
South Korea,KOR,2004,5.185
South Korea,KOR,2005,5.507
South Korea,KOR,2006,6.272
South Korea,KOR,2007,6.342
South Korea,KOR,2008,6.806
South Korea,KOR,2009,7.589
South Korea,KOR,2010,7.373
South Korea,KOR,2011,7.337
South Korea,KOR,2012,7.825
South Korea,KOR,2013,8.297
South Korea,KOR,2014,8.633
South Korea,KOR,2015,9.052
South Korea,KOR,2016,9.247
South Korea,KOR,2017,9.473
South Korea,KOR,2018,10.172
South Korea,KOR,2019,11.423
South Korea,KOR,2020,14.876
South Korea,KOR,2021,15.222
South Korea,KOR,2022,16.235
South Korea,KOR,2023,15.359
South Korea,KOR,2024,15.326
Spain,ESP,1980,14.953
Spain,ESP,1981,16.053
Spain,ESP,1982,16.065
Spain,ESP,1983,16.794
Spain,ESP,1984,16.571
Spain,ESP,1985,17.099
Spain,ESP,1986,16.848
Spain,ESP,1987,16.73
Spain,ESP,1988,17.212
Spain,ESP,1989,17.326
Spain,ESP,1990,19.157
Spain,ESP,1991,19.89
Spain,ESP,1992,21.026
Spain,ESP,1993,22.272
Spain,ESP,1994,21.28
Spain,ESP,1995,20.646
Spain,ESP,1996,20.544
Spain,ESP,1997,19.976
Spain,ESP,1998,19.853
Spain,ESP,1999,19.724
Spain,ESP,2000,19.014
Spain,ESP,2001,18.641
Spain,ESP,2002,18.865
Spain,ESP,2003,19.481
Spain,ESP,2004,19.707
Spain,ESP,2005,19.948
Spain,ESP,2006,20.012
Spain,ESP,2007,20.168
Spain,ESP,2008,21.413
Spain,ESP,2009,24.663
Spain,ESP,2010,24.872
Spain,ESP,2011,25.496
Spain,ESP,2012,25.433
Spain,ESP,2013,25.574
Spain,ESP,2014,25.209
Spain,ESP,2015,24.493
Spain,ESP,2016,24.048
Spain,ESP,2017,23.578
Spain,ESP,2018,23.721
Spain,ESP,2019,24.345
Spain,ESP,2020,30.613
Spain,ESP,2021,28.415
Spain,ESP,2022,25.965
Spain,ESP,2023,25.933
Spain,ESP,2024,25.871
Sweden,SWE,1880,0.72
Sweden,SWE,1890,0.85
Sweden,SWE,1900,0.85
Sweden,SWE,1910,1.03
Sweden,SWE,1920,1.14
Sweden,SWE,1930,2.59
Sweden,SWE,1960,10.238923
Sweden,SWE,1961,10.186232
Sweden,SWE,1962,10.506162
Sweden,SWE,1963,11.721919
Sweden,SWE,1964,11.821628
Sweden,SWE,1965,12.462501
Sweden,SWE,1966,13.285867
Sweden,SWE,1967,14.394272
Sweden,SWE,1968,15.4458275
Sweden,SWE,1969,15.609298
Sweden,SWE,1970,15.849526
Sweden,SWE,1971,17.36696
Sweden,SWE,1972,17.38211
Sweden,SWE,1973,17.404001
Sweden,SWE,1974,19.909065
Sweden,SWE,1975,20.008512
Sweden,SWE,1976,20.934875
Sweden,SWE,1977,23.162857
Sweden,SWE,1978,23.827518
Sweden,SWE,1979,23.774374
Sweden,SWE,1980,24.529
Sweden,SWE,1981,25.228
Sweden,SWE,1982,25.162
Sweden,SWE,1983,25.458
Sweden,SWE,1984,24.688
Sweden,SWE,1985,26.625
Sweden,SWE,1986,26.747
Sweden,SWE,1987,26.968
Sweden,SWE,1988,27.416
Sweden,SWE,1989,26.843
Sweden,SWE,1990,26.892
Sweden,SWE,1991,28.702
Sweden,SWE,1992,32.252
Sweden,SWE,1993,34.414
Sweden,SWE,1994,33.2
Sweden,SWE,1995,30.836
Sweden,SWE,1996,30.365
Sweden,SWE,1997,29.071
Sweden,SWE,1998,28.835
Sweden,SWE,1999,28.279
Sweden,SWE,2000,26.986
Sweden,SWE,2001,27.136
Sweden,SWE,2002,27.731
Sweden,SWE,2003,28.486
Sweden,SWE,2004,27.99
Sweden,SWE,2005,27.673
Sweden,SWE,2006,26.966
Sweden,SWE,2007,25.921
Sweden,SWE,2008,26.203
Sweden,SWE,2009,28.16
Sweden,SWE,2010,26.81
Sweden,SWE,2011,26.38
Sweden,SWE,2012,27.438
Sweden,SWE,2013,28.142
Sweden,SWE,2014,27.857
Sweden,SWE,2015,27.417
Sweden,SWE,2016,27.669
Sweden,SWE,2017,27.234
Sweden,SWE,2018,26.997
Sweden,SWE,2019,26.324
Sweden,SWE,2020,27.945
Sweden,SWE,2021,26.321
Sweden,SWE,2022,25.272
Sweden,SWE,2023,25.761
Sweden,SWE,2024,26.086
Switzerland,CHE,1930,1.17
Switzerland,CHE,1980,11.492
Switzerland,CHE,1981,11.242
Switzerland,CHE,1982,11.887
Switzerland,CHE,1983,12.233
Switzerland,CHE,1984,13.278
Switzerland,CHE,1985,12.935
Switzerland,CHE,1986,13.054
Switzerland,CHE,1987,13.165
Switzerland,CHE,1988,13.23
Switzerland,CHE,1989,12.95
Switzerland,CHE,1990,12.645
Switzerland,CHE,1991,13.434
Switzerland,CHE,1992,14.789
Switzerland,CHE,1993,16.084
Switzerland,CHE,1994,16.053
Switzerland,CHE,1995,14.149
Switzerland,CHE,1996,14.429
Switzerland,CHE,1997,14.847
Switzerland,CHE,1998,14.861
Switzerland,CHE,1999,14.692
Switzerland,CHE,2000,13.881
Switzerland,CHE,2001,14.1
Switzerland,CHE,2002,15.088
Switzerland,CHE,2003,15.627
Switzerland,CHE,2004,15.551
Switzerland,CHE,2005,15.413
Switzerland,CHE,2006,14.678
Switzerland,CHE,2007,14.123
Switzerland,CHE,2008,13.751
Switzerland,CHE,2009,15.222
Switzerland,CHE,2010,14.962
Switzerland,CHE,2011,14.925
Switzerland,CHE,2012,15.183
Switzerland,CHE,2013,15.462
Switzerland,CHE,2014,15.424
Switzerland,CHE,2015,15.893
Switzerland,CHE,2016,16.097
Switzerland,CHE,2017,16.271
Switzerland,CHE,2018,15.785
Switzerland,CHE,2019,15.996
Switzerland,CHE,2020,19.27
Switzerland,CHE,2021,17.468
Switzerland,CHE,2022,15.46
Switzerland,CHE,2023,15.474
Switzerland,CHE,2024,15.997
Turkey,TUR,1980,2.245
Turkey,TUR,1981,1.647
Turkey,TUR,1982,1.784
Turkey,TUR,1983,1.844
Turkey,TUR,1984,2.219
Turkey,TUR,1985,1.949
Turkey,TUR,1986,2.094
Turkey,TUR,1987,2.186
Turkey,TUR,1988,2.553
Turkey,TUR,1989,3.084
Turkey,TUR,1990,3.792
Turkey,TUR,1991,4.054
Turkey,TUR,1992,4.163
Turkey,TUR,1993,3.97
Turkey,TUR,1994,3.638
Turkey,TUR,1995,3.363
Turkey,TUR,1996,4.574
Turkey,TUR,1997,4.83
Turkey,TUR,1998,5.002
Turkey,TUR,1999,5.695
Turkey,TUR,2000,7.541
Turkey,TUR,2001,8.197
Turkey,TUR,2002,8.764
Turkey,TUR,2003,9.708
Turkey,TUR,2004,9.991
Turkey,TUR,2005,9.984
Turkey,TUR,2006,10.26
Turkey,TUR,2007,10.841
Turkey,TUR,2008,11.037
Turkey,TUR,2009,12.947
Turkey,TUR,2010,12.273
Turkey,TUR,2011,11.792
Turkey,TUR,2012,11.947
Turkey,TUR,2013,11.756
Turkey,TUR,2014,11.66
Turkey,TUR,2015,11.541
Turkey,TUR,2016,12.534
Turkey,TUR,2017,11.999
Turkey,TUR,2018,11.76
Turkey,TUR,2019,12.416
Turkey,TUR,2020,13.143
Turkey,TUR,2021,11.037
Turkey,TUR,2022,8.435
Turkey,TUR,2023,10.037
Turkey,TUR,2024,10.355
United Kingdom,GBR,1880,0.86
United Kingdom,GBR,1890,0.83
United Kingdom,GBR,1900,1
United Kingdom,GBR,1910,1.38
United Kingdom,GBR,1920,1.39
United Kingdom,GBR,1930,2.24
United Kingdom,GBR,1960,10.491441
United Kingdom,GBR,1961,10.753797
United Kingdom,GBR,1962,10.958211
United Kingdom,GBR,1963,11.49145
United Kingdom,GBR,1964,11.2993765
United Kingdom,GBR,1965,11.976261
United Kingdom,GBR,1966,12.208261
United Kingdom,GBR,1967,12.895713
United Kingdom,GBR,1968,13.396644
United Kingdom,GBR,1969,13.390328
United Kingdom,GBR,1970,13.558754
United Kingdom,GBR,1971,13.424457
United Kingdom,GBR,1972,14.260652
United Kingdom,GBR,1973,13.84068
United Kingdom,GBR,1974,15.323655
United Kingdom,GBR,1975,16.054113
United Kingdom,GBR,1976,16.63472
United Kingdom,GBR,1977,16.575602
United Kingdom,GBR,1978,16.909748
United Kingdom,GBR,1979,16.822386
United Kingdom,GBR,1980,16.867
United Kingdom,GBR,1981,18.312
United Kingdom,GBR,1982,18.823
United Kingdom,GBR,1983,19.606
United Kingdom,GBR,1984,19.576
United Kingdom,GBR,1985,19.609
United Kingdom,GBR,1986,19.614
United Kingdom,GBR,1987,18.79
United Kingdom,GBR,1988,17.473
United Kingdom,GBR,1989,16.841
United Kingdom,GBR,1990,17.248
United Kingdom,GBR,1991,18.879
United Kingdom,GBR,1992,20.486
United Kingdom,GBR,1993,21.063
United Kingdom,GBR,1994,20.308
United Kingdom,GBR,1995,18.954
United Kingdom,GBR,1996,18.767
United Kingdom,GBR,1997,18.927
United Kingdom,GBR,1998,19.13
United Kingdom,GBR,1999,18.908
United Kingdom,GBR,2000,19.258
United Kingdom,GBR,2001,19.791
United Kingdom,GBR,2002,19.843
United Kingdom,GBR,2003,20.675
United Kingdom,GBR,2004,21.21
United Kingdom,GBR,2005,21.261
United Kingdom,GBR,2006,21.265
United Kingdom,GBR,2007,21.473
United Kingdom,GBR,2008,22.791
United Kingdom,GBR,2009,25.094
United Kingdom,GBR,2010,25.234
United Kingdom,GBR,2011,25.076
United Kingdom,GBR,2012,25.279
United Kingdom,GBR,2013,24.583
United Kingdom,GBR,2014,24.024
United Kingdom,GBR,2015,23.698
United Kingdom,GBR,2016,22.9
United Kingdom,GBR,2017,22.647
United Kingdom,GBR,2018,22.223
United Kingdom,GBR,2019,22.252
United Kingdom,GBR,2020,25.609
United Kingdom,GBR,2021,24.404
United Kingdom,GBR,2022,22.747
United Kingdom,GBR,2023,22.985
United States,USA,1880,0.29
United States,USA,1890,0.45
United States,USA,1900,0.55
United States,USA,1910,0.56
United States,USA,1920,0.7
United States,USA,1930,0.56
United States,USA,1960,6.2148666
United States,USA,1961,6.785977
United States,USA,1962,6.833349
United States,USA,1963,6.8057847
United States,USA,1964,6.717871
United States,USA,1965,6.7227244
United States,USA,1966,6.835506
United States,USA,1967,7.513561
United States,USA,1968,7.8853393
United States,USA,1969,7.979135
United States,USA,1970,8.879691
United States,USA,1971,9.5997715
United States,USA,1972,9.746132
United States,USA,1973,9.940621
United States,USA,1974,10.912134
United States,USA,1975,12.406018
United States,USA,1976,12.254199
United States,USA,1977,12.023055
United States,USA,1978,11.657559
United States,USA,1979,11.810509
United States,USA,1980,12.86
United States,USA,1981,13.2
United States,USA,1982,13.619
United States,USA,1983,13.783
United States,USA,1984,12.894
United States,USA,1985,12.587
United States,USA,1986,12.924
United States,USA,1987,12.883
United States,USA,1988,12.845
United States,USA,1989,12.833
United States,USA,1990,13.195
United States,USA,1991,14.162
United States,USA,1992,14.841
United States,USA,1993,15.108
United States,USA,1994,15.052
United States,USA,1995,14.932
United States,USA,1996,14.74
United States,USA,1997,14.323
United States,USA,1998,14.385
United States,USA,1999,14.111
United States,USA,2000,14.123
United States,USA,2001,14.698
United States,USA,2002,15.535
United States,USA,2003,15.801
United States,USA,2004,15.664
United States,USA,2005,15.494
United States,USA,2006,15.544
United States,USA,2007,15.676
United States,USA,2008,16.251
United States,USA,2009,18.32
United States,USA,2010,19.048
United States,USA,2011,18.749
United States,USA,2012,18.483
United States,USA,2013,18.421
United States,USA,2014,18.41
United States,USA,2015,18.483
United States,USA,2016,18.588
United States,USA,2017,18.386
United States,USA,2018,18.153
United States,USA,2019,18.202
United States,USA,2020,23.677
United States,USA,2021,21.619
United States,USA,2022,18.98
United States,USA,2023,18.951
United States,USA,2024,19.814